productSKU,total_ordered,name,stocklevel,restockingleadtime,sentimentscore,sentimentmagnitiude,ratio
9182772,0,no name,0,0,0,0,0
9182778,0,no name,0,0,0,0,0
9182780,0,no name,0,0,0,0,0
9182781,0,no name,0,0,0,0,0
9182784,0,no name,0,0,0,0,0
9182785,0,no name,0,0,0,0,0
9182980,0,no name,0,0,0,0,0
9183118,0,no name,0,0,0,0,0
9183186,0,no name,0,0,0,0,0
9183203,0,no name,0,0,0,0,0
9183213,0,no name,0,0,0,0,0
9183219,0,no name,0,0,0,0,0
9183221,0,no name,0,0,0,0,0
9183222,0,no name,0,0,0,0,0
9183223,0,no name,0,0,0,0,0
9183226,0,no name,0,0,0,0,0
9183228,0,no name,0,0,0,0,0
9183229,0,no name,0,0,0,0,0
9183230,0,no name,0,0,0,0,0
9183234,0,no name,0,0,0,0,0
9183239,0,no name,0,0,0,0,0
9183240,0,no name,0,0,0,0,0
9183241,0,no name,0,0,0,0,0
9184620,0,no name,0,0,0,0,0
9184675,0,no name,0,0,0,0,0
9184676,0,no name,0,0,0,0,0
9184720,0,no name,0,0,0,0,0
9184733,0,no name,0,0,0,0,0
9184734,0,no name,0,0,0,0,0
9184737,0,no name,0,0,0,0,0
GGOEA0CH077599,0,no name,0,0,0,0,0
GGOEAAAB034914,0,no name,0,0,0,0,0
GGOEAAAJ080814,0,no name,0,0,0,0,0
GGOEAAAP081214,0,no name,0,0,0,0,0
GGOEAAAP081217,0,no name,0,0,0,0,0
GGOEAAAQ032013,0,no name,0,0,0,0,0
GGOEAAEB028314,0,no name,0,0,0,0,0
GGOEAAEH035213,0,no name,0,0,0,0,0
GGOEAAEH035214,0,no name,0,0,0,0,0
GGOEAAEH035215,0,no name,0,0,0,0,0
GGOEAAEH035216,0,no name,0,0,0,0,0
GGOEAAEH035217,0,no name,0,0,0,0,0
GGOEAAEJ030913,0,no name,0,0,0,0,0
GGOEAAEJ033413,0,no name,0,0,0,0,0
GGOEAAEJ033414,0,no name,0,0,0,0,0
GGOEAAEJ033415,0,no name,0,0,0,0,0
GGOEAAEJ035713,0,no name,0,0,0,0,0
GGOEAAEJ035714,0,no name,0,0,0,0,0
GGOEAAWJ062548,0,no name,0,0,0,0,0
GGOEAAWN062648,0,no name,0,0,0,0,0
GGOEAAWN062649,0,no name,0,0,0,0,0
GGOEAAWT061748,0,no name,0,0,0,0,0
GGOEACCQ017299,0,no name,0,0,0,0,0
GGOEADHH055999,0,no name,0,0,0,0,0
GGOEADHH073999,0,no name,0,0,0,0,0
GGOEADWQ015699,0,no name,0,0,0,0,0
GGOEAFKQ020499,0,no name,0,0,0,0,0
GGOEAFKQ020599,0,no name,0,0,0,0,0
GGOEAHPA004110,0,no name,0,0,0,0,0
GGOEAHPB076113,0,no name,0,0,0,0,0
GGOEAHPB076114,0,no name,0,0,0,0,0
GGOEAHPB080210,0,no name,0,0,0,0,0
GGOEAHPJ004213,0,no name,0,0,0,0,0
GGOEAHPJ004314,0,no name,0,0,0,0,0
GGOEAHPJ074410,0,no name,0,0,0,0,0
GGOEAKDH019899,0,no name,0,0,0,0,0
GGOEAOBH078799,0,no name,0,0,0,0,0
GGOEAOCB077499,0,no name,0,0,0,0,0
GGOEAXXX0808,0,no name,0,0,0,0,0
GGOEAXXX0810,0,no name,0,0,0,0,0
GGOEAXXX0812,0,no name,0,0,0,0,0
GGOEGAAB010514,0,no name,0,0,0,0,0
GGOEGAAB010515,0,no name,0,0,0,0,0
GGOEGAAB010517,0,no name,0,0,0,0,0
GGOEGAAB033814,0,no name,0,0,0,0,0
GGOEGAAB033815,0,no name,0,0,0,0,0
GGOEGAAC035014,0,no name,0,0,0,0,0
GGOEGAAC035016,0,no name,0,0,0,0,0
GGOEGAAJ032313,0,no name,0,0,0,0,0
GGOEGAAJ032317,0,no name,0,0,0,0,0
GGOEGAAJ032613,0,no name,0,0,0,0,0
GGOEGAAJ032614,0,no name,0,0,0,0,0
GGOEGAAJ032616,0,no name,0,0,0,0,0
GGOEGAAJ032714,0,no name,0,0,0,0,0
GGOEGAAJ032716,0,no name,0,0,0,0,0
GGOEGAAJ032814,0,no name,0,0,0,0,0
GGOEGAAJ032815,0,no name,0,0,0,0,0
GGOEGAAJ032816,0,no name,0,0,0,0,0
GGOEGAAJ032817,0,no name,0,0,0,0,0
GGOEGAAJ059113,0,no name,0,0,0,0,0
GGOEGAAJ059114,0,no name,0,0,0,0,0
GGOEGAAJ080613,0,no name,0,0,0,0,0
GGOEGAAJ080614,0,no name,0,0,0,0,0
GGOEGAAJ080615,0,no name,0,0,0,0,0
GGOEGAAL010613,0,no name,0,0,0,0,0
GGOEGAAL010614,0,no name,0,0,0,0,0
GGOEGAAL010615,0,no name,0,0,0,0,0
GGOEGAAL010616,0,no name,0,0,0,0,0
GGOEGAAQ010413,0,no name,0,0,0,0,0
GGOEGAAQ010414,0,no name,0,0,0,0,0
GGOEGAAQ010415,0,no name,0,0,0,0,0
GGOEGAAR010715,0,no name,0,0,0,0,0
GGOEGAAR010716,0,no name,0,0,0,0,0
GGOEGAAX0037,0,no name,0,0,0,0,0
GGOEGAAX0042,0,no name,0,0,0,0,0
GGOEGAAX0074,0,no name,0,0,0,0,0
GGOEGAAX0081,0,no name,0,0,0,0,0
GGOEGAAX0098,0,no name,0,0,0,0,0
GGOEGAAX0104,0,no name,0,0,0,0,0
GGOEGAAX0105,0,no name,0,0,0,0,0
GGOEGAAX0106,0,no name,0,0,0,0,0
GGOEGAAX0107,0,no name,0,0,0,0,0
GGOEGAAX0168,0,no name,0,0,0,0,0
GGOEGAAX0231,0,no name,0,0,0,0,0
GGOEGAAX0278,0,no name,0,0,0,0,0
GGOEGAAX0279,0,no name,0,0,0,0,0
GGOEGAAX0280,0,no name,0,0,0,0,0
GGOEGAAX0281,0,no name,0,0,0,0,0
GGOEGAAX0282,0,no name,0,0,0,0,0
GGOEGAAX0283,0,no name,0,0,0,0,0
GGOEGAAX0289,0,no name,0,0,0,0,0
GGOEGAAX0290,0,no name,0,0,0,0,0
GGOEGAAX0296,0,no name,0,0,0,0,0
GGOEGAAX0297,0,no name,0,0,0,0,0
GGOEGAAX0299,0,no name,0,0,0,0,0
GGOEGAAX0304,0,no name,0,0,0,0,0
GGOEGAAX0306,0,no name,0,0,0,0,0
GGOEGAAX0308,0,no name,0,0,0,0,0
GGOEGAAX0309,0,no name,0,0,0,0,0
GGOEGAAX0313,0,no name,0,0,0,0,0
GGOEGAAX0318,0,no name,0,0,0,0,0
GGOEGAAX0320,0,no name,0,0,0,0,0
GGOEGAAX0323,0,no name,0,0,0,0,0
GGOEGAAX0324,0,no name,0,0,0,0,0
GGOEGAAX0325,0,no name,0,0,0,0,0
GGOEGAAX0326,0,no name,0,0,0,0,0
GGOEGAAX0327,0,no name,0,0,0,0,0
GGOEGAAX0328,0,no name,0,0,0,0,0
GGOEGAAX0329,0,no name,0,0,0,0,0
GGOEGAAX0330,0,no name,0,0,0,0,0
GGOEGAAX0331,0,no name,0,0,0,0,0
GGOEGAAX0334,0,no name,0,0,0,0,0
GGOEGAAX0338,0,no name,0,0,0,0,0
GGOEGAAX0352,0,no name,0,0,0,0,0
GGOEGAAX0353,0,no name,0,0,0,0,0
GGOEGAAX0355,0,no name,0,0,0,0,0
GGOEGAAX0356,0,no name,0,0,0,0,0
GGOEGAAX0357,0,no name,0,0,0,0,0
GGOEGAAX0358,0,no name,0,0,0,0,0
GGOEGAAX0361,0,no name,0,0,0,0,0
GGOEGAAX0364,0,no name,0,0,0,0,0
GGOEGAAX0365,0,no name,0,0,0,0,0
GGOEGAAX0366,0,no name,0,0,0,0,0
GGOEGAAX0567,0,no name,0,0,0,0,0
GGOEGAAX0568,0,no name,0,0,0,0,0
GGOEGAAX0569,0,no name,0,0,0,0,0
GGOEGAAX0570,0,no name,0,0,0,0,0
GGOEGAAX0572,0,no name,0,0,0,0,0
GGOEGAAX0575,0,no name,0,0,0,0,0
GGOEGAAX0578,0,no name,0,0,0,0,0
GGOEGAAX0579,0,no name,0,0,0,0,0
GGOEGAAX0580,0,no name,0,0,0,0,0
GGOEGAAX0581,0,no name,0,0,0,0,0
GGOEGAAX0582,0,no name,0,0,0,0,0
GGOEGAAX0588,0,no name,0,0,0,0,0
GGOEGAAX0590,0,no name,0,0,0,0,0
GGOEGAAX0591,0,no name,0,0,0,0,0
GGOEGAAX0592,0,no name,0,0,0,0,0
GGOEGAAX0593,0,no name,0,0,0,0,0
GGOEGAAX0595,0,no name,0,0,0,0,0
GGOEGAAX0596,0,no name,0,0,0,0,0
GGOEGAAX0598,0,no name,0,0,0,0,0
GGOEGAAX0602,0,no name,0,0,0,0,0
GGOEGAAX0603,0,no name,0,0,0,0,0
GGOEGAAX0604,0,no name,0,0,0,0,0
GGOEGAAX0605,0,no name,0,0,0,0,0
GGOEGAAX0606,0,no name,0,0,0,0,0
GGOEGAAX0607,0,no name,0,0,0,0,0
GGOEGAAX0610,0,no name,0,0,0,0,0
GGOEGAAX0617,0,no name,0,0,0,0,0
GGOEGAAX0618,0,no name,0,0,0,0,0
GGOEGAAX0619,0,no name,0,0,0,0,0
GGOEGAAX0620,0,no name,0,0,0,0,0
GGOEGAAX0622,0,no name,0,0,0,0,0
GGOEGAAX0625,0,no name,0,0,0,0,0
GGOEGAAX0626,0,no name,0,0,0,0,0
GGOEGAAX0651,0,no name,0,0,0,0,0
GGOEGAAX0655,0,no name,0,0,0,0,0
GGOEGAAX0661,0,no name,0,0,0,0,0
GGOEGAAX0671,0,no name,0,0,0,0,0
GGOEGAAX0680,0,no name,0,0,0,0,0
GGOEGAAX0682,0,no name,0,0,0,0,0
GGOEGAAX0683,0,no name,0,0,0,0,0
GGOEGAAX0686,0,no name,0,0,0,0,0
GGOEGAAX0690,0,no name,0,0,0,0,0
GGOEGAAX0731,0,no name,0,0,0,0,0
GGOEGAAX0732,0,no name,0,0,0,0,0
GGOEGAAX0733,0,no name,0,0,0,0,0
GGOEGAAX0746,0,no name,0,0,0,0,0
GGOEGAAX0761,0,no name,0,0,0,0,0
GGOEGAAX0781,0,no name,0,0,0,0,0
GGOEGAAX0795,0,no name,0,0,0,0,0
GGOEGACB023699,0,no name,0,0,0,0,0
GGOEGADB056915,0,no name,0,0,0,0,0
GGOEGADB059614,0,no name,0,0,0,0,0
GGOEGADJ056813,0,no name,0,0,0,0,0
GGOEGADJ056814,0,no name,0,0,0,0,0
GGOEGADJ056815,0,no name,0,0,0,0,0
GGOEGAEA030415,0,no name,0,0,0,0,0
GGOEGAEB027813,0,no name,0,0,0,0,0
GGOEGAEC033113,0,no name,0,0,0,0,0
GGOEGAEC033117,0,no name,0,0,0,0,0
GGOEGAEJ028013,0,no name,0,0,0,0,0
GGOEGAEJ028015,0,no name,0,0,0,0,0
GGOEGAEJ028016,0,no name,0,0,0,0,0
GGOEGAEJ028113,0,no name,0,0,0,0,0
GGOEGAEJ028114,0,no name,0,0,0,0,0
GGOEGAEJ028115,0,no name,0,0,0,0,0
GGOEGAEJ029913,0,no name,0,0,0,0,0
GGOEGAEJ029915,0,no name,0,0,0,0,0
GGOEGAEJ030814,0,no name,0,0,0,0,0
GGOEGAEJ030815,0,no name,0,0,0,0,0
GGOEGAEJ031313,0,no name,0,0,0,0,0
GGOEGAEJ031314,0,no name,0,0,0,0,0
GGOEGAEJ031315,0,no name,0,0,0,0,0
GGOEGAEJ031316,0,no name,0,0,0,0,0
GGOEGAEQ027913,0,no name,0,0,0,0,0
GGOEGAEQ027915,0,no name,0,0,0,0,0
GGOEGAER029713,0,no name,0,0,0,0,0
GGOEGAFB035814,0,no name,0,0,0,0,0
GGOEGAFB035816,0,no name,0,0,0,0,0
GGOEGAFB035817,0,no name,0,0,0,0,0
GGOEGALB034113,0,no name,0,0,0,0,0
GGOEGALB034114,0,no name,0,0,0,0,0
GGOEGALB034115,0,no name,0,0,0,0,0
GGOEGALB034116,0,no name,0,0,0,0,0
GGOEGALB034117,0,no name,0,0,0,0,0
GGOEGALB036514,0,no name,0,0,0,0,0
GGOEGALB036515,0,no name,0,0,0,0,0
GGOEGALB036516,0,no name,0,0,0,0,0
GGOEGALJ036413,0,no name,0,0,0,0,0
GGOEGALJ036414,0,no name,0,0,0,0,0
GGOEGALL074613,0,no name,0,0,0,0,0
GGOEGALL074614,0,no name,0,0,0,0,0
GGOEGALL074615,0,no name,0,0,0,0,0
GGOEGALQ034213,0,no name,0,0,0,0,0
GGOEGALQ034215,0,no name,0,0,0,0,0
GGOEGALQ036613,0,no name,0,0,0,0,0
GGOEGALQ036614,0,no name,0,0,0,0,0
GGOEGALQ036616,0,no name,0,0,0,0,0
GGOEGAPB057813,0,no name,0,0,0,0,0
GGOEGAPB057816,0,no name,0,0,0,0,0
GGOEGATB060213,0,no name,0,0,0,0,0
GGOEGATB060214,0,no name,0,0,0,0,0
GGOEGATB060615,0,no name,0,0,0,0,0
GGOEGATH060714,0,no name,0,0,0,0,0
GGOEGATH060717,0,no name,0,0,0,0,0
GGOEGATJ060516,0,no name,0,0,0,0,0
GGOEGAWQ062248,0,no name,0,0,0,0,0
GGOEGAWQ062250,0,no name,0,0,0,0,0
GGOEGAWR061848,0,no name,0,0,0,0,0
GGOEGAWR061850,0,no name,0,0,0,0,0
GGOEGAXJ065555,0,no name,0,0,0,0,0
GGOEGAXQ067129,0,no name,0,0,0,0,0
GGOEGAXQ067155,0,no name,0,0,0,0,0
GGOEGAXR065129,0,no name,0,0,0,0,0
GGOEGAYB068024,0,no name,0,0,0,0,0
GGOEGAYB068025,0,no name,0,0,0,0,0
GGOEGAYB068026,0,no name,0,0,0,0,0
GGOEGAYB068056,0,no name,0,0,0,0,0
GGOEGAYQ069025,0,no name,0,0,0,0,0
GGOEGAYQ069056,0,no name,0,0,0,0,0
GGOEGAYR068225,0,no name,0,0,0,0,0
GGOEGBCR024399,0,no name,0,0,0,0,0
GGOEGBFC018799,0,no name,0,0,0,0,0
GGOEGBJC014399,0,no name,0,0,0,0,0
GGOEGBJC019999,0,no name,0,0,0,0,0
GGOEGBJL013999,0,no name,0,0,0,0,0
GGOEGBMC056599,0,no name,0,0,0,0,0
GGOEGBMJ013399,0,no name,0,0,0,0,0
GGOEGBPB021199,0,no name,0,0,0,0,0
GGOEGBPB081999,0,no name,0,0,0,0,0
GGOEGBPB082099,0,no name,0,0,0,0,0
GGOEGBRA037499,0,no name,0,0,0,0,0
GGOEGBRB013899,0,no name,0,0,0,0,0
GGOEGBRJ037299,0,no name,0,0,0,0,0
GGOEGBRJ037399,0,no name,0,0,0,0,0
GGOEGCBB074199,0,no name,0,0,0,0,0
GGOEGCBB074399,0,no name,0,0,0,0,0
GGOEGCBC074299,0,no name,0,0,0,0,0
GGOEGCBQ016499,0,no name,0,0,0,0,0
GGOEGCKQ013199,0,no name,0,0,0,0,0
GGOEGCMB020932,0,no name,0,0,0,0,0
GGOEGCNB021099,0,no name,0,0,0,0,0
GGOEGCVB072399,0,no name,0,0,0,0,0
GGOEGDHB072099,0,no name,0,0,0,0,0
GGOEGDHC015299,0,no name,0,0,0,0,0
GGOEGDHC018299,0,no name,0,0,0,0,0
GGOEGDHC074099,0,no name,0,0,0,0,0
GGOEGDHQ015399,0,no name,0,0,0,0,0
GGOEGDHR018499,0,no name,0,0,0,0,0
GGOEGDHR082199,0,no name,0,0,0,0,0
GGOEGDWR015799,0,no name,0,0,0,0,0
GGOEGEHQ024099,0,no name,0,0,0,0,0
GGOEGEHQ071199,0,no name,0,0,0,0,0
GGOEGEHQ072499,0,no name,0,0,0,0,0
GGOEGEHQ072599,0,no name,0,0,0,0,0
GGOEGESB015099,0,no name,0,0,0,0,0
GGOEGESB015199,0,no name,0,0,0,0,0
GGOEGESC014099,0,no name,0,0,0,0,0
GGOEGESQ016799,0,no name,0,0,0,0,0
GGOEGETB023799,0,no name,0,0,0,0,0
GGOEGETR014599,0,no name,0,0,0,0,0
GGOEGEVA022399,0,no name,0,0,0,0,0
GGOEGEVB070599,0,no name,0,0,0,0,0
GGOEGFAQ016699,0,no name,0,0,0,0,0
GGOEGFKA022299,0,no name,0,0,0,0,0
GGOEGFKQ020399,0,no name,0,0,0,0,0
GGOEGFKQ020799,0,no name,0,0,0,0,0
GGOEGFQB013799,0,no name,0,0,0,0,0
GGOEGFSR022099,0,no name,0,0,0,0,0
GGOEGFYQ016599,0,no name,0,0,0,0,0
GGOEGGCX056199,0,no name,0,0,0,0,0
GGOEGGCX056299,0,no name,0,0,0,0,0
GGOEGGCX056399,0,no name,0,0,0,0,0
GGOEGGCX056499,0,no name,0,0,0,0,0
GGOEGGOA017399,0,no name,0,0,0,0,0
GGOEGHGC019799,0,no name,0,0,0,0,0
GGOEGHGH019699,0,no name,0,0,0,0,0
GGOEGHGR019499,0,no name,0,0,0,0,0
GGOEGHGT019599,0,no name,0,0,0,0,0
GGOEGHPB003410,0,no name,0,0,0,0,0
GGOEGHPB071610,0,no name,0,0,0,0,0
GGOEGHPB080410,0,no name,0,0,0,0,0
GGOEGHPJ080110,0,no name,0,0,0,0,0
GGOEGHPJ080310,0,no name,0,0,0,0,0
GGOEGHPL003214,0,no name,0,0,0,0,0
GGOEGKAA019299,0,no name,0,0,0,0,0
GGOEGKWQ060910,0,no name,0,0,0,0,0
GGOEGKWR060810,0,no name,0,0,0,0,0
GGOEGOAA017199,0,no name,0,0,0,0,0
GGOEGOAB021499,0,no name,0,0,0,0,0
GGOEGOAB022499,0,no name,0,0,0,0,0
GGOEGOAJ021599,0,no name,0,0,0,0,0
GGOEGOAQ012899,0,no name,0,0,0,0,0
GGOEGOAQ018099,0,no name,0,0,0,0,0
GGOEGOAQ020099,0,no name,0,0,0,0,0
GGOEGOAR013099,0,no name,0,0,0,0,0
GGOEGOAR013599,0,no name,0,0,0,0,0
GGOEGOBC078699,0,no name,0,0,0,0,0
GGOEGOBG023599,0,no name,0,0,0,0,0
GGOEGOCB017499,0,no name,0,0,0,0,0
GGOEGOCB078299,0,no name,0,0,0,0,0
GGOEGOCC077299,0,no name,0,0,0,0,0
GGOEGOCC077999,0,no name,0,0,0,0,0
GGOEGOCD078399,0,no name,0,0,0,0,0
GGOEGOCL077699,0,no name,0,0,0,0,0
GGOEGOCR017899,0,no name,0,0,0,0,0
GGOEGOCR078499,0,no name,0,0,0,0,0
GGOEGODR017799,0,no name,0,0,0,0,0
GGOEGOFH020299,0,no name,0,0,0,0,0
GGOEGOLC013299,0,no name,0,0,0,0,0
GGOEGOLC014299,0,no name,0,0,0,0,0
GGOEGOXQ016399,0,no name,0,0,0,0,0
GGOEGPJC019099,0,no name,0,0,0,0,0
GGOEGPJC203399,0,no name,0,0,0,0,0
GGOEGXXX0806,0,no name,0,0,0,0,0
GGOENEBB078899,0,no name,0,0,0,0,0
GGOENEBB081499,0,no name,0,0,0,0,0
GGOENEBD084799,0,no name,0,0,0,0,0
GGOENEBJ081899,0,no name,0,0,0,0,0
GGOENEBQ078999,0,no name,0,0,0,0,0
GGOENEBQ079099,0,no name,0,0,0,0,0
GGOENEBQ079199,0,no name,0,0,0,0,0
GGOENEBQ081599,0,no name,0,0,0,0,0
GGOENEBQ081699,0,no name,0,0,0,0,0
GGOENEBQ081799,0,no name,0,0,0,0,0
GGOENEBQ084699,0,no name,0,0,0,0,0
GGOEWAEA083899,0,no name,0,0,0,0,0
GGOEWCKQ085457,0,no name,0,0,0,0,0
GGOEWEBB082699,0,no name,0,0,0,0,0
GGOEWFKA082999,0,no name,0,0,0,0,0
GGOEWFKA083099,0,no name,0,0,0,0,0
GGOEWFKA083199,0,no name,0,0,0,0,0
GGOEWFKA083299,0,no name,0,0,0,0,0
GGOEWXXX0827,0,no name,0,0,0,0,0
GGOEWXXX0828,0,no name,0,0,0,0,0
GGOEWXXX0834,0,no name,0,0,0,0,0
GGOEWXXX0835,0,no name,0,0,0,0,0
GGOEYAAB031813,0,no name,0,0,0,0,0
GGOEYAAB031814,0,no name,0,0,0,0,0
GGOEYAAB031816,0,no name,0,0,0,0,0
GGOEYAAJ032514,0,no name,0,0,0,0,0
GGOEYAAJ032515,0,no name,0,0,0,0,0
GGOEYAAJ033014,0,no name,0,0,0,0,0
GGOEYAAJ033015,0,no name,0,0,0,0,0
GGOEYAFB073113,0,no name,0,0,0,0,0
GGOEYAFB073115,0,no name,0,0,0,0,0
GGOEYAFB073116,0,no name,0,0,0,0,0
GGOEYDHJ056099,0,no name,0,0,0,0,0
GGOEYFKQ020699,0,no name,0,0,0,0,0
GGOEYHPB072210,0,no name,0,0,0,0,0
GGOEYOCR077799,0,no name,0,0,0,0,0
GGOENEBJ079499,0,no name,0,0,0,0,0.0372277227722772
9180862,0,no name,0,0,0,0,0
9180905,0,no name,0,0,0,0,0
9181019,0,no name,0,0,0,0,0
9181137,0,no name,0,0,0,0,0
9181139,0,no name,0,0,0,0,0
9181150,0,no name,0,0,0,0,0
9181573,0,no name,0,0,0,0,0
9182173,0,no name,0,0,0,0,0
9182383,0,no name,0,0,0,0,0
9182502,0,no name,0,0,0,0,0
9182559,0,no name,0,0,0,0,0
9182569,0,no name,0,0,0,0,0
9182605,0,no name,0,0,0,0,0
9182709,0,no name,0,0,0,0,0
9182714,0,no name,0,0,0,0,0
9182721,0,no name,0,0,0,0,0
9182722,0,no name,0,0,0,0,0
9182723,0,no name,0,0,0,0,0
9182726,0,no name,0,0,0,0,0
9182737,0,no name,0,0,0,0,0
9182739,0,no name,0,0,0,0,0
9182742,0,no name,0,0,0,0,0
9182743,0,no name,0,0,0,0,0
9182745,0,no name,0,0,0,0,0
9182751,0,no name,0,0,0,0,0
9182752,0,no name,0,0,0,0,0
9182755,0,no name,0,0,0,0,0
9182765,0,no name,0,0,0,0,0
9182771,0,no name,0,0,0,0,0
GGOEYOCR077799_,0,no name,0,0,0,0,0.041544477028348
GGOEYHPB072210_,0,no name,0,0,0,0,0.00450676014021032
GGOEYFKQ020699_,0,no name,0,0,0,0,0.00661375661375661
GGOEYDHJ056099_,0,no name,0,0,0,0,0.0257201646090535
GGOEYAFB073116_,0,no name,0,0,0,0,0.0909090909090909
GGOEYAFB073115_,0,no name,0,0,0,0,0.0114285714285714
GGOEYAFB073113_,0,no name,0,0,0,0,0.0303030303030303
GGOEYAAJ033015_,0,no name,0,0,0,0,0.333333333333333
GGOEYAAJ033014_,0,no name,0,0,0,0,0.714285714285714
GGOEYAAJ032515_,0,no name,0,0,0,0,0.151515151515152
GGOEYAAJ032514_,0,no name,0,0,0,0,0.0487804878048781
GGOEYAAB031816_,0,no name,0,0,0,0,0.1
GGOEYAAB031814_,0,no name,0,0,0,0,0.025
GGOEWXXX0834_,0,no name,0,0,0,0,0
GGOEWXXX0828_,0,no name,0,0,0,0,0
GGOEWXXX0827_,0,no name,0,0,0,0,0
GGOEWFKA083299_,0,no name,0,0,0,0,0
GGOEWFKA083199_,0,no name,0,0,0,0,0.0757575757575758
GGOEWFKA083099_,0,no name,0,0,0,0,0
GGOEWFKA082999_,0,no name,0,0,0,0,0.0144578313253012
GGOEWEBB082699_,0,no name,0,0,0,0,0.0310077519379845
GGOEWCKQ085457_,0,no name,0,0,0,0,0.0256410256410256
GGOEWAEA083899_,0,no name,0,0,0,0,0.05
GGOENEBQ084699_,0,no name,0,0,0,0,0.00612959719789842
GGOENEBQ081799_,0,no name,0,0,0,0,0
GGOENEBQ081699_,0,no name,0,0,0,0,0
GGOENEBQ081599_,0,no name,0,0,0,0,0
GGOENEBQ079199_,0,no name,0,0,0,0,0.0308596620132256
GGOENEBQ079099_,0,no name,0,0,0,0,0.0738461538461539
GGOENEBQ078999_,0,no name,0,0,0,0,0.0239162929745889
GGOENEBJ081899_,0,no name,0,0,0,0,0.115942028985507
GGOENEBD084799_,0,no name,0,0,0,0,0.0177304964539007
GGOENEBB081499_,0,no name,0,0,0,0,0.0555555555555556
GGOENEBB078899_,0,no name,0,0,0,0,0.0390057361376673
GGOEGXXX0806_,0,no name,0,0,0,0,0.416666666666667
GGOEGPJC203399_,0,no name,0,0,0,0,0.0397727272727273
GGOEGPJC019099_,0,no name,0,0,0,0,0.337662337662338
GGOEGOXQ016399_,0,no name,0,0,0,0,0.0278246205733558
GGOEGOLC014299_,0,no name,0,0,0,0,0.00327868852459016
GGOEGOLC013299_,0,no name,0,0,0,0,0.0102862254025045
GGOEGOFH020299_,0,no name,0,0,0,0,0.00906344410876133
GGOEGODR017799_,0,no name,0,0,0,0,0.0222095671981777
GGOEGOCR078499_,0,no name,0,0,0,0,0.0066815144766147
GGOEGOCR017899_,0,no name,0,0,0,0,0.00603015075376884
GGOEGOCL077699_,0,no name,0,0,0,0,0.00921234454168586
GGOEGOCD078399_,0,no name,0,0,0,0,0.0298850574712644
GGOEGOCC077999_,0,no name,0,0,0,0,0.0621251071122536
GGOEGOCC077299_,0,no name,0,0,0,0,0.00669249735822473
GGOEGOCB078299_,0,no name,0,0,0,0,0.706214689265537
GGOEGOCB017499_,0,no name,0,0,0,0,0.0640819606267577
GGOEGOBG023599_,0,no name,0,0,0,0,0.00817438692098093
GGOEGOBC078699_,0,no name,0,0,0,0,0.00841514726507714
GGOEGOAR013599_,0,no name,0,0,0,0,0
GGOEGOAR013099_,0,no name,0,0,0,0,0.000924214417744917
GGOEGOAQ020099_,0,no name,0,0,0,0,0.00897959183673469
GGOEGOAQ018099_,0,no name,0,0,0,0,0.00154718927282104
GGOEGOAQ012899_,0,no name,0,0,0,0,0.217349857006673
GGOEGOAJ021599_,0,no name,0,0,0,0,0
GGOEGOAB022499_,0,no name,0,0,0,0,0.220125786163522
GGOEGOAB021499_,0,no name,0,0,0,0,0.0619354838709677
GGOEGOAA017199_,0,no name,0,0,0,0,0
GGOEGKWR060810_,0,no name,0,0,0,0,0.159090909090909
GGOEGKWQ060910_,0,no name,0,0,0,0,0.0603448275862069
GGOEGKAA019299_,0,no name,0,0,0,0,0.0876288659793814
GGOEGHPL003214_,0,no name,0,0,0,0,0
GGOEGHPJ080310_,0,no name,0,0,0,0,0.455421686746988
GGOEGHPJ080110_,0,no name,0,0,0,0,0
GGOEGHPB080410_,0,no name,0,0,0,0,0.0319634703196347
GGOEGHPB071610_,0,no name,0,0,0,0,0.00170940170940171
GGOEGHPB003410_,0,no name,0,0,0,0,0.00952380952380952
GGOEGHGT019599_,0,no name,0,0,0,0,0.0372340425531915
GGOEGHGR019499_,0,no name,0,0,0,0,0.0217573221757322
GGOEGHGH019699_,0,no name,0,0,0,0,0.00671140939597315
GGOEGHGC019799_,0,no name,0,0,0,0,0.0143207855973813
GGOEGGOA017399_,0,no name,0,0,0,0,0.00925925925925926
GGOEGGCX056499_,0,no name,0,0,0,0,0
GGOEGGCX056399_,0,no name,0,0,0,0,0
GGOEGGCX056299_,0,no name,0,0,0,0,0.0467289719626168
GGOEGGCX056199_,0,no name,0,0,0,0,0.012987012987013
GGOEGFYQ016599_,0,no name,0,0,0,0,0.0562847608453838
GGOEGFSR022099_,0,no name,0,0,0,0,0.004149377593361
GGOEGFQB013799_,0,no name,0,0,0,0,0.0168350168350168
GGOEGFKQ020799_,0,no name,0,0,0,0,0.0163461538461538
GGOEGFKQ020399_,0,no name,0,0,0,0,0.00857519788918206
GGOEGFKA022299_,0,no name,0,0,0,0,0.28042328042328
GGOEGFAQ016699_,0,no name,0,0,0,0,0.0288713910761155
GGOEGEVB070599_,0,no name,0,0,0,0,0
GGOEGEVA022399_,0,no name,0,0,0,0,0.0170940170940171
GGOEGETR014599_,0,no name,0,0,0,0,0.0138888888888889
GGOEGETB023799_,0,no name,0,0,0,0,0.266666666666667
GGOEGESQ016799_,0,no name,0,0,0,0,0.00390472471690746
GGOEGESC014099_,0,no name,0,0,0,0,0.0661157024793388
GGOEGESB015199_,0,no name,0,0,0,0,0
GGOEGESB015099_,0,no name,0,0,0,0,0.0359477124183007
GGOEGEHQ072599_,0,no name,0,0,0,0,0
GGOEGEHQ072499_,0,no name,0,0,0,0,0
GGOEGEHQ071199_,0,no name,0,0,0,0,0.0238095238095238
GGOEGEHQ024099_,0,no name,0,0,0,0,0.0170299727520436
GGOEGDHR018499_,0,no name,0,0,0,0,0.0107962213225371
GGOEGDHQ015399_,0,no name,0,0,0,0,0.37890625
GGOEGDHC074099_,0,no name,0,0,0,0,0.240287769784173
GGOEGDHC018299_,0,no name,0,0,0,0,0.00116881796930582
GGOEGDHC015299_,0,no name,0,0,0,0,0.0704225352112676
GGOEGDHB072099_,0,no name,0,0,0,0,0
GGOEGCVB072399_,0,no name,0,0,0,0,0
GGOEGCNB021099_,0,no name,0,0,0,0,0.0296052631578947
GGOEGCMB020932_,0,no name,0,0,0,0,0.0146198830409357
GGOEGCKQ013199_,0,no name,0,0,0,0,0.00883652430044183
GGOEGCBQ016499_,0,no name,0,0,0,0,0.0147456377488326
GGOEGCBC074299_,0,no name,0,0,0,0,0.0256410256410256
GGOEGCBB074399_,0,no name,0,0,0,0,0
GGOEGCBB074199_,0,no name,0,0,0,0,0.00975609756097561
GGOEGBRJ037399_,0,no name,0,0,0,0,0.0482456140350877
GGOEGBRJ037299_,0,no name,0,0,0,0,0.0110294117647059
GGOEGBRB013899_,0,no name,0,0,0,0,0.0168539325842697
GGOEGBRA037499_,0,no name,0,0,0,0,0.0217391304347826
GGOEGBPB082099_,0,no name,0,0,0,0,0
GGOEGBPB081999_,0,no name,0,0,0,0,0.0126582278481013
GGOEGBPB021199_,0,no name,0,0,0,0,0.0251937984496124
GGOEGBMJ013399_,0,no name,0,0,0,0,0.024330900243309
GGOEGBMC056599_,0,no name,0,0,0,0,0
GGOEGBJL013999_,0,no name,0,0,0,0,0.102990033222591
GGOEGBJC019999_,0,no name,0,0,0,0,0.367521367521368
GGOEGBJC014399_,0,no name,0,0,0,0,0.0193548387096774
GGOEGBFC018799_,0,no name,0,0,0,0,0
GGOEGBCR024399_,0,no name,0,0,0,0,0
GGOEGAYR068225_,0,no name,0,0,0,0,1
GGOEGAYQ069056_,0,no name,0,0,0,0,0.0714285714285714
GGOEGAYQ069025_,0,no name,0,0,0,0,0.454545454545455
GGOEGAYB068056_,0,no name,0,0,0,0,1.5
GGOEGAYB068026_,0,no name,0,0,0,0,0.380952380952381
GGOEGAYB068025_,0,no name,0,0,0,0,0.571428571428571
GGOEGAYB068024_,0,no name,0,0,0,0,0.142857142857143
GGOEGAXR065129_,0,no name,0,0,0,0,0.0833333333333333
GGOEGAXQ067155_,0,no name,0,0,0,0,0.444444444444444
GGOEGAXQ067129_,0,no name,0,0,0,0,0.416666666666667
GGOEGAXJ065555_,0,no name,0,0,0,0,0.032258064516129
GGOEGAWR061850_,0,no name,0,0,0,0,0.25
GGOEGAWR061848_,0,no name,0,0,0,0,0.388888888888889
GGOEGAWQ062250_,0,no name,0,0,0,0,0.1
GGOEGAWQ062248_,0,no name,0,0,0,0,0.142857142857143
GGOEGATJ060516_,0,no name,0,0,0,0,0.4
GGOEGATH060717_,0,no name,0,0,0,0,1
GGOEGATH060714_,0,no name,0,0,0,0,0.0526315789473684
GGOEGATB060615_,0,no name,0,0,0,0,0.04
GGOEGATB060214_,0,no name,0,0,0,0,0.375
GGOEGATB060213_,0,no name,0,0,0,0,0.2
GGOEGAPB057816_,0,no name,0,0,0,0,0.181818181818182
GGOEGAPB057813_,0,no name,0,0,0,0,0.0606060606060606
GGOEGALQ036616_,0,no name,0,0,0,0,0.259259259259259
GGOEGALQ036614_,0,no name,0,0,0,0,0.0192307692307692
GGOEGALQ036613_,0,no name,0,0,0,0,0.0338983050847458
GGOEGALQ034215_,0,no name,0,0,0,0,0.0810810810810811
GGOEGALQ034213_,0,no name,0,0,0,0,0.0531914893617021
GGOEGAAX0339,0,no name,0,0,0,0,0
GGOEGAAX0340,0,no name,0,0,0,0,0
GGOEGAAX0341,0,no name,0,0,0,0,0
GGOEGAAX0342,0,no name,0,0,0,0,0
GGOEGAAX0348,0,no name,0,0,0,0,0
GGOEGAAX0349,0,no name,0,0,0,0,0
GGOEGAAX0350,0,no name,0,0,0,0,0
GGOEGAAX0351,0,no name,0,0,0,0,0
GGOEGALL074615_,0,no name,0,0,0,0,0.04
GGOEGALL074614_,0,no name,0,0,0,0,0.193548387096774
GGOEGALL074613_,0,no name,0,0,0,0,0.0303030303030303
GGOEGALJ036414_,0,no name,0,0,0,0,0.0869565217391304
GGOEGALJ036413_,0,no name,0,0,0,0,0.0833333333333333
GGOEGALB036516_,0,no name,0,0,0,0,0.173913043478261
GGOEGALB036515_,0,no name,0,0,0,0,0.0645161290322581
GGOEGALB036514_,0,no name,0,0,0,0,0.051948051948052
GGOEGALB034117_,0,no name,0,0,0,0,0.0540540540540541
GGOEGALB034116_,0,no name,0,0,0,0,0.00826446280991736
GGOEGALB034115_,0,no name,0,0,0,0,0.0187793427230047
GGOEGALB034114_,0,no name,0,0,0,0,0.0451612903225806
GGOEGALB034113_,0,no name,0,0,0,0,0.104575163398693
GGOEGAFB035817_,0,no name,0,0,0,0,0.266666666666667
GGOEGAAX0690_,0,no name,0,0,0,0,0.225806451612903
GGOEGAAX0686_,0,no name,0,0,0,0,0
GGOEGAAX0683_,0,no name,0,0,0,0,0
GGOEGAAX0682_,0,no name,0,0,0,0,0.0967741935483871
GGOEGAAX0680_,0,no name,0,0,0,0,0.178571428571429
GGOEGAAX0671_,0,no name,0,0,0,0,0.15
GGOEGAAX0661_,0,no name,0,0,0,0,0.117647058823529
GGOEGAAX0655_,0,no name,0,0,0,0,0.016260162601626
GGOEGAAX0651_,0,no name,0,0,0,0,0.0422535211267606
GGOEGAAX0626_,0,no name,0,0,0,0,0.0952380952380952
GGOEGAAX0625_,0,no name,0,0,0,0,0.130434782608696
GGOEGAAX0622_,0,no name,0,0,0,0,0.0363636363636364
GGOEGAAX0620_,0,no name,0,0,0,0,0.384615384615385
GGOEGAAX0619_,0,no name,0,0,0,0,0.0909090909090909
GGOEGAAX0618_,0,no name,0,0,0,0,0.133333333333333
GGOEGAAX0617_,0,no name,0,0,0,0,0.113207547169811
GGOEGAAX0610_,0,no name,0,0,0,0,0.0158730158730159
GGOEGAAX0607_,0,no name,0,0,0,0,0
GGOEGAAX0606_,0,no name,0,0,0,0,0.0208333333333333
GGOEGAAX0605_,0,no name,0,0,0,0,0
GGOEGAAX0604_,0,no name,0,0,0,0,0
GGOEGAAX0603_,0,no name,0,0,0,0,0
GGOEGAAX0602_,0,no name,0,0,0,0,0.142857142857143
GGOEGAAX0598_,0,no name,0,0,0,0,0
GGOEGAAX0596_,0,no name,0,0,0,0,0.03125
GGOEGAAX0595_,0,no name,0,0,0,0,0
GGOEGAAX0593_,0,no name,0,0,0,0,0
GGOEGAAX0592_,0,no name,0,0,0,0,0
GGOEGAAX0591_,0,no name,0,0,0,0,0.103448275862069
GGOEGAAX0590_,0,no name,0,0,0,0,0
GGOEGAAX0588_,0,no name,0,0,0,0,0
GGOEGAAX0582_,0,no name,0,0,0,0,0
GGOEGAAX0581_,0,no name,0,0,0,0,0
GGOEGAAX0580_,0,no name,0,0,0,0,0
GGOEGAAX0579_,0,no name,0,0,0,0,0.0555555555555556
GGOEGAAX0578_,0,no name,0,0,0,0,0.117647058823529
GGOEGAAX0575_,0,no name,0,0,0,0,0
GGOEGAAX0572_,0,no name,0,0,0,0,0
GGOEGAAX0570_,0,no name,0,0,0,0,0
GGOEGAAX0569_,0,no name,0,0,0,0,0.0185185185185185
GGOEGAAX0568_,0,no name,0,0,0,0,0.04
GGOEGAAX0567_,0,no name,0,0,0,0,0
GGOEGAAX0366_,0,no name,0,0,0,0,0.0246913580246914
GGOEGAAX0365_,0,no name,0,0,0,0,0
GGOEGAAX0364_,0,no name,0,0,0,0,0.15
GGOEGAAX0361_,0,no name,0,0,0,0,0
GGOEGAAX0358_,0,no name,0,0,0,0,0.0127659574468085
GGOEGAAX0357_,0,no name,0,0,0,0,0.0526315789473684
GGOEGAAX0356_,0,no name,0,0,0,0,0
GGOEGAAX0355_,0,no name,0,0,0,0,0
GGOEGAAX0353_,0,no name,0,0,0,0,0
GGOEGAAX0352_,0,no name,0,0,0,0,0.0540540540540541
GGOEGAAX0351_,0,no name,0,0,0,0,0.0150375939849624
GGOEGAAX0350_,0,no name,0,0,0,0,0
GGOEGAAX0349_,0,no name,0,0,0,0,0
GGOEGAAX0348_,0,no name,0,0,0,0,0
GGOEGAAX0342_,0,no name,0,0,0,0,0.0232558139534884
GGOEGAAX0341_,0,no name,0,0,0,0,0.0180722891566265
GGOEGAAX0340_,0,no name,0,0,0,0,0
GGOEGAAX0339_,0,no name,0,0,0,0,0
GGOEGAAX0338_,0,no name,0,0,0,0,0.00147710487444609
GGOEGAAX0334_,0,no name,0,0,0,0,0.0229885057471264
GGOEGAAX0331_,0,no name,0,0,0,0,0
GGOEGAAX0330_,0,no name,0,0,0,0,0.465116279069767
GGOEGAAX0329_,0,no name,0,0,0,0,0
GGOEGAAX0328_,0,no name,0,0,0,0,0
GGOEGAAX0327_,0,no name,0,0,0,0,0
GGOEGAAX0326_,0,no name,0,0,0,0,0.0833333333333333
GGOEGAAX0325_,0,no name,0,0,0,0,0.0576923076923077
GGOEGAAX0324_,0,no name,0,0,0,0,0
GGOEGAAX0323_,0,no name,0,0,0,0,0
GGOEGAAX0320_,0,no name,0,0,0,0,0.0263157894736842
GGOEGAAX0318_,0,no name,0,0,0,0,0.0290909090909091
GGOEGAAX0313_,0,no name,0,0,0,0,0.108910891089109
GGOEGAAX0309_,0,no name,0,0,0,0,0.0357142857142857
GGOEGAAX0308_,0,no name,0,0,0,0,0.027027027027027
GGOEGAAX0306_,0,no name,0,0,0,0,0
GGOEGAAX0304_,0,no name,0,0,0,0,0
GGOEGAAX0299_,0,no name,0,0,0,0,0.051948051948052
GGOEGAAX0297_,0,no name,0,0,0,0,0.0625
GGOEGAAX0296_,0,no name,0,0,0,0,0
GGOEGAAX0290_,0,no name,0,0,0,0,0.0185185185185185
GGOEGAAX0289_,0,no name,0,0,0,0,0.02
GGOEGAAX0283_,0,no name,0,0,0,0,0.181818181818182
GGOEGAAX0282_,0,no name,0,0,0,0,0
GGOEGAAX0281_,0,no name,0,0,0,0,0.125
GGOEGAAX0280_,0,no name,0,0,0,0,0.0384615384615385
GGOEGAAX0279_,0,no name,0,0,0,0,0.0975609756097561
GGOEGAAX0278_,0,no name,0,0,0,0,0.0247933884297521
GGOEGAAX0231_,0,no name,0,0,0,0,0
GGOEGAAX0168_,0,no name,0,0,0,0,0
GGOEGAAX0107_,0,no name,0,0,0,0,0.0138888888888889
GGOEGAAX0106_,0,no name,0,0,0,0,0.448275862068966
GGOEGAAX0105_,0,no name,0,0,0,0,0.0380952380952381
GGOEGAAX0104_,0,no name,0,0,0,0,0.0200267022696929
GGOEGAAX0098_,0,no name,0,0,0,0,0.276595744680851
GGOEGAAX0081_,0,no name,0,0,0,0,0.0567567567567568
GGOEGAAX0074_,0,no name,0,0,0,0,0.00256295252130454
GGOEGAAX0042_,0,no name,0,0,0,0,0
GGOEGAAX0037_,0,no name,0,0,0,0,0.0214548126377663
GGOEGAAR010716_,0,no name,0,0,0,0,0.0111111111111111
GGOEGAAR010715_,0,no name,0,0,0,0,0.10958904109589
GGOEGAAQ010415_,0,no name,0,0,0,0,0.0328358208955224
GGOEGAAQ010414_,0,no name,0,0,0,0,0.0913978494623656
GGOEGAAQ010413_,0,no name,0,0,0,0,0.0598802395209581
GGOEGAAL010616_,0,no name,0,0,0,0,0.38
GGOEGAAL010615_,0,no name,0,0,0,0,0.0303030303030303
GGOEGAAL010614_,0,no name,0,0,0,0,0.162162162162162
GGOEGAAL010613_,0,no name,0,0,0,0,0.27027027027027
GGOEGAAJ080615_,0,no name,0,0,0,0,0.062015503875969
GGOEGAAJ080614_,0,no name,0,0,0,0,0.0377358490566038
GGOEGAAJ080613_,0,no name,0,0,0,0,0.0344827586206897
GGOEGAAJ059114_,0,no name,0,0,0,0,0.00934579439252336
GGOEGAAJ059113_,0,no name,0,0,0,0,0.04
GGOEGAAJ032817_,0,no name,0,0,0,0,0.0196078431372549
GGOEGAAJ032816_,0,no name,0,0,0,0,0.0711974110032362
GGOEGAAJ032815_,0,no name,0,0,0,0,0.0159362549800797
GGOEGAAJ032814_,0,no name,0,0,0,0,0.0101694915254237
GGOEGAAJ032716_,0,no name,0,0,0,0,0.307692307692308
GGOEGAAJ032714_,0,no name,0,0,0,0,0.0123456790123457
GGOEGAAJ032616_,0,no name,0,0,0,0,0.125
GGOEGAAJ032614_,0,no name,0,0,0,0,0.0618556701030928
GGOEGAAJ032613_,0,no name,0,0,0,0,0.0869565217391304
GGOEGAAJ032317_,0,no name,0,0,0,0,0.08
GGOEGAAJ032313_,0,no name,0,0,0,0,0.0983606557377049
GGOEGAAC035016_,0,no name,0,0,0,0,0.666666666666667
GGOEGAAC035014_,0,no name,0,0,0,0,0.222222222222222
GGOEGAAB033815_,0,no name,0,0,0,0,0.0155709342560554
GGOEGAAB033814_,0,no name,0,0,0,0,0.00253164556962025
GGOEGAAB010517_,0,no name,0,0,0,0,0.04
GGOEGAAB010515_,0,no name,0,0,0,0,0.00518134715025907
GGOEGAAB010514_,0,no name,0,0,0,0,0.00544959128065395
GGOEAAEJ033414_,0,no name,0,0,0,0,0.0842105263157895
GGOEAAEJ033413_,0,no name,0,0,0,0,0.186046511627907
GGOEAAEJ030913_,0,no name,0,0,0,0,0.0344827586206897
GGOEAAEH035217_,0,no name,0,0,0,0,0.2
GGOEAAEH035216_,0,no name,0,0,0,0,0.5
GGOEAAEH035215_,0,no name,0,0,0,0,0.111111111111111
GGOEAAEH035214_,0,no name,0,0,0,0,0.0232558139534884
GGOEAAEH035213_,0,no name,0,0,0,0,0.210526315789474
GGOEAAEB028314_,0,no name,0,0,0,0,1
GGOEAAAQ032013_,0,no name,0,0,0,0,0.0631578947368421
GGOEAAAP081217_,0,no name,0,0,0,0,0.285714285714286
GGOEAAAP081214_,0,no name,0,0,0,0,0.0441176470588235
GGOEAAAJ080814_,0,no name,0,0,0,0,0.181818181818182
GGOEAAAB034914_,0,no name,0,0,0,0,0.0833333333333333
GGOEA0CH077599_,0,no name,0,0,0,0,0.147058823529412
9184734_,0,no name,0,0,0,0,0
9184733_,0,no name,0,0,0,0,0
9184720_,0,no name,0,0,0,0,0
9184676_,0,no name,0,0,0,0,0
9184675_,0,no name,0,0,0,0,0
9184620_,0,no name,0,0,0,0,0
9183241_,0,no name,0,0,0,0,0
9183240_,0,no name,0,0,0,0,0
9183239_,0,no name,0,0,0,0,0
9183234_,0,no name,0,0,0,0,0
9183230_,0,no name,0,0,0,0,0
9183229_,0,no name,0,0,0,0,0
9183228_,0,no name,0,0,0,0,0
9183226_,0,no name,0,0,0,0,0
9183223_,0,no name,0,0,0,0,0
9183222_,0,no name,0,0,0,0,0
9183221_,0,no name,0,0,0,0,0
9183219_,0,no name,0,0,0,0,0
9183213_,0,no name,0,0,0,0,0
9183203_,0,no name,0,0,0,0,0
9183186_,0,no name,0,0,0,0,0
9183118_,0,no name,0,0,0,0,0
9182980_,0,no name,0,0,0,0,0
9182785_,0,no name,0,0,0,0,0
9182784_,0,no name,0,0,0,0,0
9182781_,0,no name,0,0,0,0,0
9182780_,0,no name,0,0,0,0,0
9182778_,0,no name,0,0,0,0,0
9182772_,0,no name,0,0,0,0,0
9182771_,0,no name,0,0,0,0,0
9182765_,0,no name,0,0,0,0,0
9182755_,0,no name,0,0,0,0,0
9182752_,0,no name,0,0,0,0,0
9182751_,0,no name,0,0,0,0,0
9182745_,0,no name,0,0,0,0,0
9182743_,0,no name,0,0,0,0,0
9182742_,0,no name,0,0,0,0,0
9182739_,0,no name,0,0,0,0,0
9182737_,0,no name,0,0,0,0,0
9182726_,0,no name,0,0,0,0,0
9182723_,0,no name,0,0,0,0,0
9182722_,0,no name,0,0,0,0,0
9182721_,0,no name,0,0,0,0,0
9182714_,0,no name,0,0,0,0,0
9182709_,0,no name,0,0,0,0,0
9182605_,0,no name,0,0,0,0,0
9182569_,0,no name,0,0,0,0,0
9182559_,0,no name,0,0,0,0,0
9182502_,0,no name,0,0,0,0,0
9182383_,0,no name,0,0,0,0,0
9182173_,0,no name,0,0,0,0,0
9181573_,0,no name,0,0,0,0,0
9181150_,0,no name,0,0,0,0,0
9181139_,0,no name,0,0,0,0,0
9181137_,0,no name,0,0,0,0,0
9181019_,0,no name,0,0,0,0,0
9180905_,0,no name,0,0,0,0,0
9180862_,0,no name,0,0,0,0,0
9180748_,0,no name,0,0,0,0,0
9180757_,0,no name,0,0,0,0,0
9180766_,0,no name,0,0,0,0,0
9180769_,0,no name,0,0,0,0,0
9180781_,0,no name,0,0,0,0,0
9180782_,0,no name,0,0,0,0,0
9180793_,0,no name,0,0,0,0,0
9180808_,0,no name,0,0,0,0,0
9180809_,0,no name,0,0,0,0,0
9180814_,0,no name,0,0,0,0,0
9180824_,0,no name,0,0,0,0,0
9180833_,0,no name,0,0,0,0,0
9180850_,0,no name,0,0,0,0,0
GGOENEBJ079499_,0,no name,0,0,0,0,0
GGOEGAAX0746_,0,no name,0,0,0,0,0
GGOEAXXX0812_,0,no name,0,0,0,0,0.0526315789473684
GGOEAXXX0810_,0,no name,0,0,0,0,0
GGOEAXXX0808_,0,no name,0,0,0,0,0.0909090909090909
GGOEAOCB077499_,0,no name,0,0,0,0,0.0232558139534884
GGOEAOBH078799_,0,no name,0,0,0,0,0
GGOEAKDH019899_,0,no name,0,0,0,0,0.00955794504181601
GGOEAHPJ074410_,0,no name,0,0,0,0,0
GGOEAHPJ004314_,0,no name,0,0,0,0,0.0169491525423729
GGOEAHPJ004213_,0,no name,0,0,0,0,0.0377358490566038
GGOEAHPB080210_,0,no name,0,0,0,0,0
GGOEAHPB076114_,0,no name,0,0,0,0,0.125
GGOEAHPB076113_,0,no name,0,0,0,0,0.1
GGOEAHPA004110_,0,no name,0,0,0,0,0
GGOEAFKQ020599_,0,no name,0,0,0,0,0.0244988864142539
GGOEAFKQ020499_,0,no name,0,0,0,0,0.0309951060358891
GGOEADWQ015699_,0,no name,0,0,0,0,0.00584795321637427
GGOEADHH073999_,0,no name,0,0,0,0,0.590106007067138
GGOEADHH055999_,0,no name,0,0,0,0,0.002710027100271
GGOEACCQ017299_,0,no name,0,0,0,0,0.0184049079754601
GGOEAAWT061748_,0,no name,0,0,0,0,0.117647058823529
GGOEAAWN062649_,0,no name,0,0,0,0,0.0555555555555556
GGOEAAWN062648_,0,no name,0,0,0,0,0.03125
GGOEAAWJ062548_,0,no name,0,0,0,0,3.5
GGOEAAEJ035714_,0,no name,0,0,0,0,0.078125
GGOEAAEJ035713_,0,no name,0,0,0,0,0.133333333333333
GGOEYAAB031813_,0,no name,0,0,0,0,0.037037037037037
GGOEWXXX0835_,0,no name,0,0,0,0,0
GGOEGDWR015799_,0,no name,0,0,0,0,0.00352858151023289
GGOEGDHR082199_,0,no name,0,0,0,0,0
GGOEGAFB035816_,0,no name,0,0,0,0,0.0731707317073171
GGOEGAFB035814_,0,no name,0,0,0,0,0.0256410256410256
GGOEGAER029713_,0,no name,0,0,0,0,0.2
GGOEGAEQ027915_,0,no name,0,0,0,0,0.0784313725490196
GGOEGAEQ027913_,0,no name,0,0,0,0,0.0307692307692308
GGOEGAEJ031316_,0,no name,0,0,0,0,0.0909090909090909
GGOEGAEJ031315_,0,no name,0,0,0,0,0.529411764705882
GGOEGAEJ031314_,0,no name,0,0,0,0,0.2
GGOEGAEJ031313_,0,no name,0,0,0,0,0.032258064516129
GGOEGAEJ030815_,0,no name,0,0,0,0,0.04
GGOEGAEJ030814_,0,no name,0,0,0,0,0.027027027027027
GGOEGAEJ029915_,0,no name,0,0,0,0,0.333333333333333
GGOEGAEJ029913_,0,no name,0,0,0,0,0.125
GGOEGAEJ028115_,0,no name,0,0,0,0,0.0769230769230769
GGOEGAEJ028114_,0,no name,0,0,0,0,0.0476190476190476
GGOEGAEJ028113_,0,no name,0,0,0,0,0.0384615384615385
GGOEGAEJ028016_,0,no name,0,0,0,0,0.0196078431372549
GGOEGAEJ028015_,0,no name,0,0,0,0,0.0434782608695652
GGOEGAEJ028013_,0,no name,0,0,0,0,0.0683760683760684
GGOEGAEC033117_,0,no name,0,0,0,0,0.111111111111111
GGOEGAEC033113_,0,no name,0,0,0,0,0.0555555555555556
GGOEGAEB027813_,0,no name,0,0,0,0,0.00396825396825397
GGOEGAEA030415_,0,no name,0,0,0,0,0.0606060606060606
GGOEGADJ056815_,0,no name,0,0,0,0,0.019047619047619
GGOEGADJ056814_,0,no name,0,0,0,0,0.0701754385964912
GGOEGADJ056813_,0,no name,0,0,0,0,0.0555555555555556
GGOEGADB059614_,0,no name,0,0,0,0,0.037037037037037
GGOEGADB056915_,0,no name,0,0,0,0,0.0428571428571429
GGOEGACB023699_,0,no name,0,0,0,0,0
GGOEGAAX0795_,0,no name,0,0,0,0,0.0614035087719298
GGOEGAAX0781_,0,no name,0,0,0,0,0.453038674033149
GGOEGAAX0761_,0,no name,0,0,0,0,0.0192307692307692
GGOEGAAX0733_,0,no name,0,0,0,0,1
GGOEGAAX0732_,0,no name,0,0,0,0,0
GGOEGAAX0731_,0,no name,0,0,0,0,0.0140845070422535
9180850,0,no name,0,0,0,0,0
9180833,0,no name,0,0,0,0,0
9180824,0,no name,0,0,0,0,0
9180814,0,no name,0,0,0,0,0
9180809,0,no name,0,0,0,0,0
9180808,0,no name,0,0,0,0,0
9180793,0,no name,0,0,0,0,0
9180782,0,no name,0,0,0,0,0
9180781,0,no name,0,0,0,0,0
9180769,0,no name,0,0,0,0,0
9180766,0,no name,0,0,0,0,0
9180757,0,no name,0,0,0,0,0
9180748,0,no name,0,0,0,0,0
GGOEAAEJ033415_,0,no name,0,0,0,0,0.0652173913043478
9184737_,0,no name,0,0,0,0,0
